Student ID,Username,Name
5,stu001,Student 1
6,stu002,Student 2
7,stu003,Student 3
8,stu004,Student 4
9,stu005,Student 5
10,stu006,Student 6
11,stu007,Student 7
12,stu008,Student 8
13,stu009,Student 9
14,stu010,Student 10
15,stu011,Student 11
16,stu012,Student 12
17,stu013,Student 13
18,stu014,Student 14
19,stu015,Student 15
20,stu016,Student 16
21,stu017,Student 17
22,stu018,Student 18
23,stu019,Student 19
24,stu020,Student 20
25,stu021,Student 21
26,stu022,Student 22
27,stu023,Student 23
28,stu024,Student 24
29,stu025,Student 25
30,stu026,Student 26
31,stu027,Student 27
32,stu028,Student 28
33,stu029,Student 29
34,stu030,Student 30
35,stu031,Student 31
36,stu032,Student 32
37,stu033,Student 33
38,stu034,Student 34
39,stu035,Student 35
40,stu036,Student 36
41,stu037,Student 37
42,stu038,Student 38
43,stu039,Student 39
44,stu040,Student 40
45,stu041,Student 41
46,stu042,Student 42
47,stu043,Student 43
48,stu044,Student 44
49,stu045,Student 45
50,stu046,Student 46
51,stu047,Student 47
52,stu048,Student 48
53,stu049,Student 49
54,stu050,Student 50
55,stu051,Student 51
56,stu052,Student 52
57,stu053,Student 53
58,stu054,Student 54
59,stu055,Student 55
60,stu056,Student 56
61,stu057,Student 57
62,stu058,Student 58
63,stu059,Student 59
64,stu060,Student 60
65,stu061,Student 61
66,stu062,Student 62
67,stu063,Student 63
68,stu064,Student 64
69,stu065,Student 65
70,stu066,Student 66
71,stu067,Student 67
72,stu068,Student 68
73,stu069,Student 69
74,stu070,Student 70
75,stu071,Student 71
76,stu072,Student 72
77,stu073,Student 73
78,stu074,Student 74
79,stu075,Student 75
80,stu076,Student 76
81,stu077,Student 77
82,stu078,Student 78
83,stu079,Student 79
84,stu080,Student 80
